Book Id,Title,Author,Author l-f,Additional Authors,ISBN,ISBN13,My Rating,Average Rating,Publisher,Binding,Number of Pages,Year Published,Original Publication Year,Date Read,Date Added,Bookshelves,Bookshelves with positions,Exclusive Shelf,My Review,Spoiler,Private Notes,Read Count,Owned Copies
18866705,"Dust (Silo, #3)",Hugh Howey,"Howey, Hugh",,"=""""","=""""",5,4.23,Cornerstone Digital,ebook,416,2013,2013,2025/08/01,2026/01/29,,,read,,,,1,0
60965426,The Creative Act: A Way of Being,Rick Rubin,"Rubin, Rick",,"=""0593652886""","=""9780593652886""",0,3.96,Penguin Press,Hardcover,406,2023,2023,,2026/01/29,currently-reading,currently-reading (#5),currently-reading,,,,1,0
44643362,Pursuit,Joyce Carol Oates,"Oates, Joyce Carol",,"=""0802147917""","=""9780802147912""",4,3.40,Mysterious Press,Hardcover,216,2019,2019,2025/07/01,2025/07/15,,,read,,,,1,0
20518872,"The Three-Body Problem (Remembrance of Earth’s Past, #1)",Liu Cixin,"Cixin, Liu",Ken Liu,"=""""","=""""",4,4.08,Tor Books,Hardcover,472,2014,2006,2025/04/01,2025/03/04,,,read,,,,1,0
210407880,The Mechanic and the Luddite: A Ruthless Criticism of Technology and Capitalism,Jathan Sadowski,"Sadowski, Jathan",,"=""0520398068""","=""9780520398061""",4,4.36,University of California Press,Hardcover,296,2025,,2025/06/05,2025/04/10,,,read,,,,1,0
17934530,"Annihilation (Southern Reach, #1)",Jeff Vandermeer,"Vandermeer, Jeff",,"=""0374104093""","=""9780374104092""",4,3.80,"Farrar, Straus and Giroux",Paperback,195,2014,2014,2025/05/10,2025/04/10,,,read,,,,1,0
50659472,"A Court of Wings and Ruin (A Court of Thorns and Roses, #3)",Sarah J. Maas,"Maas, Sarah J.",,"=""1635575605""","=""9781635575606""",4,4.46,Bloomsbury Publishing,Paperback,699,2020,2017,2026/01/28,2025/06/05,,,read,,,,1,0
16176440,We Are All Completely Beside Ourselves,Karen Joy Fowler,"Fowler, Karen Joy",,"=""0399162097""","=""9780399162091""",4,3.71,Plume,Hardcover,310,2013,2013,2025/07/01,2025/07/15,,,read,,,,1,0
17306293,"Shift (Silo, #2)",Hugh Howey,"Howey, Hugh",,"=""""","=""""",5,4.13,Broad Reach Publishing,Kindle Edition,579,2013,2013,2025/08/01,2025/07/15,,,read,,,,1,0
195391688,"The Bone Season (The Bone Season, #1)",Samantha Shannon,"Shannon, Samantha",,"=""163973418X""","=""9781639734184""",5,3.84,Bloomsbury Publishing,Paperback,624,2024,2013,2025/10/28,2025/07/15,,,read,,,,1,0
62986755,March's End,Daniel Polansky,"Polansky, Daniel",,"=""1915202507""","=""9781915202505""",4,3.48,Angry Robot,Kindle Edition,423,2023,2023,2025/10/01,2026/01/28,,,read,,,,1,0
199701668,"The Mime Order (The Bone Season, #2)",Samantha Shannon,"Shannon, Samantha",,"=""1639734597""","=""9781639734597""",5,4.22,Bloomsbury Publishing,Hardcover,560,2024,2015,2025/11/01,2026/01/28,,,read,,,,1,0
199798785,Challenger: A True Story of Heroism and Disaster on the Edge of Space,Adam Higginbotham,"Higginbotham, Adam",,"=""198217661X""","=""9781982176617""",5,4.51,Avid Reader Press / Simon & Schuster,Hardcover,563,2024,2024,2025/11/01,2026/01/28,,,read,,,,1,0
38591165,The Doll Factory,Elizabeth Macneal,"Macneal, Elizabeth",,"=""1529002397""","=""9781529002393""",5,3.77,Picador,Hardcover,336,2019,2019,2025/12/01,2026/01/28,,,read,,,,1,0
123136728,Orbital,Samantha Harvey,"Harvey, Samantha",,"=""0802161545""","=""9780802161543""",3,3.50,Atlantic Monthly Press,Hardcover,224,2023,2023,2025/11/01,2026/01/28,,,read,,,,1,0
58438623,The High House,Jessie Greengrass,"Greengrass, Jessie",,"=""1982180110""","=""9781982180119""",5,3.94,Scribner,Hardcover,255,2022,2021,2025/11/01,2026/01/28,,,read,,,,1,0
198281740,The Life Impossible,Matt Haig,"Haig, Matt",,"=""0593489276""","=""9780593489277""",4,3.47,Viking,Hardcover,324,2024,2024,2025/09/01,2026/01/29,,,read,,,,1,0
55858638,"The Golden Enclaves (The Scholomance, #3)",Naomi Novik,"Novik, Naomi",,"=""0593158369""","=""9780593158364""",5,4.12,Del Rey Books ,ebook,407,2022,2022,2025/05/01,2025/04/10,,,read,,,,1,0
55559887,"The Last Graduate (The Scholomance, #2)",Naomi Novik,"Novik, Naomi",,"=""0593128869""","=""9780593128862""",5,4.23,Del Rey,Hardcover,388,2021,2021,2025/05/01,2025/04/10,,,read,,,,1,0
15790842,"Life After Life (Todd Family, #1)",Kate Atkinson,"Atkinson, Kate",,"=""0316176486""","=""9780316176484""",5,3.79,Reagan Arthur Books,Hardcover,544,2013,2013,2025/01/01,2025/01/24,2025,2025 (#1),read,,,,1,0
125084292,"A City on Mars: Can We Settle Space, Should We Settle Space, and Have We Really Thought This Through?",Kelly Weinersmith,"Weinersmith, Kelly",Zach Weinersmith,"=""1984881736""","=""9781984881731""",5,4.01,Penguin Press,Kindle Edition,448,2023,2023,2025/01/01,2024/11/27,2025,2025 (#2),read,,,,1,0
13642,"A Wizard of Earthsea (Earthsea Cycle, #1)",Ursula K. Le Guin,"Guin, Ursula K. Le",,"=""""","=""""",0,4.01,,Paperback,183,2004,1968,2025/01/01,2025/02/02,2025,2025 (#4),read,,,,1,0
228587642,"The Rose Field (The Book of Dust, #3)",Philip Pullman,"Pullman, Philip",,"=""0593306635""","=""9780593306635""",0,3.66,Knopf Books for Young Readers,Hardcover,672,2025,2025,,2026/01/28,currently-reading,currently-reading (#4),currently-reading,,,,1,0
12287209,"Wool (Wool, #1)",Hugh Howey,"Howey, Hugh",,"=""""","=""""",0,4.14,Broad Reach,Kindle Edition,56,2011,2011,2024/01/04,2023/08/16,,,read,,,,1,0
56353777,The Cabinet,Kim Un-Su,"Un-Su, Kim",Sean Lin Halbert,"=""0857669176""","=""9780857669179""",0,3.49,Angry Robot,Paperback,304,2021,2006,2025/06/05,2025/05/10,,,read,,,,1,0
58784475,"Tomorrow, and Tomorrow, and Tomorrow",Gabrielle Zevin,"Zevin, Gabrielle",,"=""0735243344""","=""9780735243347""",5,4.12,Knopf,Hardcover,399,2022,2022,,2024/01/14,,,read,,,,1,0
208516656,Here One Moment,Liane Moriarty,"Moriarty, Liane",,"=""0593798600""","=""9780593798607""",5,3.99,Crown,Hardcover,512,2024,2024,2025/04/10,2025/03/04,,,read,,,,1,0
13661,"Tehanu (Earthsea Cycle, #4)",Ursula K. Le Guin,"Guin, Ursula K. Le",,"=""1416509631""","=""9781416509639""",5,4.06,Pocket Books,Paperback,281,2004,1990,,2025/03/04,,,read,,,,1,0
13667,"The Farthest Shore (Earthsea Cycle, #3)",Ursula K. Le Guin,"Guin, Ursula K. Le",,"=""141650964X""","=""9781416509646""",0,4.13,Gallery Books,Paperback,259,2004,1972,2025/03/04,2025/02/09,,,read,,,,1,0
13662,"The Tombs of Atuan (Earthsea Cycle, #2)",Ursula K. Le Guin,"Guin, Ursula K. Le",,"=""0689845367""","=""9780689845369""",5,4.14,Aladdin Paperbacks,Mass Market Paperback,180,2001,1971,2025/02/09,2025/02/08,2025,2025 (#5),read,,,,1,0
35436043,Do You Dream of Terra-Two?,Temi Oh,"Oh, Temi",,"=""""","=""""",5,3.64,Simon & Schuster,Hardcover,520,2019,2019,,2024/10/28,,,read,,,,1,0
207647271,The Last Gifts of the Universe,Riley August,"August, Riley",,"=""1335081798""","=""9781335081797""",5,3.75,Hanover Square Press,Hardcover,288,2024,2022,2025/01/24,2025/01/24,2025,2025 (#3),read,,,,2,0
38496710,Red Moon,Kim Stanley Robinson,"Robinson, Kim Stanley",,"=""0316262374""","=""9780316262378""",4,3.37,Orbit,Hardcover,446,2018,2018,2025/01/24,2024/11/27,,,read,,,,1,0
50548197,"A Deadly Education (The Scholomance, #1)",Naomi Novik,"Novik, Naomi",,"=""0593128486""","=""9780593128480""",5,3.93,Del Rey,Hardcover,320,2020,2020,2024/11/27,2024/10/28,,,read,,,,1,0
58724998,Nomad Century: How Climate Migration Will Reshape Our World,Gaia Vince,"Vince, Gaia",,"=""1250821614""","=""9781250821614""",0,3.84,Flatiron Books,Hardcover,288,2022,2022,,2024/11/27,to-read,to-read (#27),to-read,,,,0,0
50659468,"A Court of Mist and Fury (A Court of Thorns and Roses, #2)",Sarah J. Maas,"Maas, Sarah J.",,"=""1635575583""","=""9781635575583""",4,4.63,Bloomsbury Publishing,Paperback,626,2020,2016,2024/10/28,2024/10/03,,,read,,,,1,0
58446227,Sea of Tranquility,Emily St. John Mandel,"Mandel, Emily St. John",,"=""0593321448""","=""9780593321447""",5,4.05,Knopf,Hardcover,259,2022,2022,2024/10/03,2024/06/23,,,read,,,,1,0
59593576,Venomous Lumpsucker,Ned Beauman,"Beauman, Ned",,"=""1641294124""","=""9781641294126""",0,3.81,Soho Press,Hardcover,327,2022,2022,,2024/09/11,to-read,to-read (#26),to-read,,,,0,0
26195941,The Age of Surveillance Capitalism: The Fight for a Human Future at the New Frontier of Power,Shoshana Zuboff,"Zuboff, Shoshana",,"=""1610395697""","=""9781610395694""",0,4.05,PublicAffairs,Hardcover,691,2019,2018,,2024/06/27,currently-reading,currently-reading (#3),currently-reading,,,,1,0
59801798,Blood in the Machine: The Origins of the Rebellion Against Big Tech,Brian Merchant,"Merchant, Brian",,"=""0316487740""","=""9780316487740""",5,4.16,"Little, Brown and Company",Hardcover,416,2023,2023,2024/09/10,2024/07/25,,,read,,,,1,0
18423,The Left Hand of Darkness,Ursula K. Le Guin,"Guin, Ursula K. Le",,"=""""","=""""",0,4.10,Ace,Paperback,304,2000,1969,2024/09/10,2024/08/16,,,read,,,,1,0
36896898,Spinning Silver,Naomi Novik,"Novik, Naomi",,"=""""","=""""",5,4.18,Del Rey,ebook,465,2018,2018,2024/08/16,2024/07/12,,,read,,,,1,0
28876,"His Majesty's Dragon (Temeraire, #1)",Naomi Novik,"Novik, Naomi",,"=""0345481283""","=""9780345481283""",0,4.07,Random House Inc,Mass Market Paperback,356,2006,2006,,2024/07/27,to-read,to-read (#25),to-read,,,,0,0
19161852,The Fifth Season (The Broken Earth #1),N.K. Jemisin,"Jemisin, N.K.",,"=""""","=""""",0,4.29,Orbit,Paperback,468,2015,2015,,2024/07/25,to-read,to-read (#24),to-read,,,,0,0
127282778,Code Dependent: Living in the Shadow of AI,Madhumita Murgia,"Murgia, Madhumita",,"=""1250867398""","=""9781250867391""",5,4.04,Henry Holt and Co.,Hardcover,320,2024,2024,2024/07/12,2024/06/07,,,read,,,,1,0
123163147,The Future,Naomi Alderman,"Alderman, Naomi",,"=""166802568X""","=""9781668025680""",5,3.85,Simon & Schuster,Hardcover,432,2023,2023,2024/07/12,2024/06/23,,,read,,,,1,0
61783761,Carmageddon: How Cars Make Life Worse and What to Do About It,Daniel Knowles,"Knowles, Daniel",,"=""1419758802""","=""9781419758805""",0,4.28,Harry N. Abrams,Hardcover,256,2023,2023,,2024/06/23,to-read,to-read (#23),to-read,,,,0,0
195790867,Moonbound,Robin Sloan,"Sloan, Robin",,"=""0374610606""","=""9780374610609""",0,3.99,MCD,Hardcover,432,2024,2024,,2024/06/23,to-read,to-read (#22),to-read,,,,0,0
20170404,Station Eleven,Emily St. John Mandel,"Mandel, Emily St. John",,"=""0385353308""","=""9780385353304""",5,4.07,Knopf,Hardcover,333,2014,2014,2024/06/15,2024/05/31,,,read,,,,1,0
208703048,"Human Rights, Robot Wrongs: Being Human in the Age of AI",Susie Alegre,"Alegre, Susie",,"=""180546129X""","=""9781805461296""",5,3.85,Atlantic Books,Paperback,400,2024,,2024/06/07,2024/05/31,,,read,,,,1,0
65137920,The Lost Bookshop,Evie  Woods,"Woods, Evie",Evie Gaughan,"=""0008609209""","=""9780008609207""",0,3.99,One More Chapter/HarperCollins UK,Kindle Edition,444,2023,2023,,2024/05/31,,,read,,,,1,0
62919750,More Perfect,Temi Oh,"Oh, Temi",,"=""1982142839""","=""9781982142834""",5,3.69,S&S/Saga Press,Paperback,592,2023,2023,2024/05/31,2024/04/21,,,read,,,,1,0
1291973,The Real World of Technology,Ursula Martius Franklin,"Franklin, Ursula Martius",,"=""088784636X""","=""9780887846366""",5,4.16,House of Anansi Press,Paperback,210,1999,1990,2024/05/31,2024/04/21,,,read,,,,1,0
21913812,This Changes Everything: Capitalism vs. The Climate,Naomi Klein,"Klein, Naomi",,"=""1451697384""","=""9781451697384""",5,4.16,Simon & Schuster,Hardcover,566,2014,2014,2024/04/21,2024/02/04,,,read,,,,1,0
65214963,Wrong Way,Joanne  McNeil,"McNeil, Joanne",,"=""0374610665""","=""9780374610661""",0,3.45,FSG Adult,Paperback,288,2023,2023,2024/04/21,2024/04/05,,,read,,,,1,0
67228173,Weirdo,Sara  Pascoe,"Pascoe, Sara",,"=""0571374522""","=""9780571374526""",0,3.21,Faber & Faber,Hardcover,359,2023,2023,,2024/04/05,,,read,,,,1,0
74956299,Because I Don't Know What You Mean and What You Don't,Josie Long,"Long, Josie",,"=""1838856080""","=""9781838856083""",0,3.47,Canongate Books,Hardcover,256,2023,2023,,2024/03/22,to-read,to-read (#21),to-read,,,,0,0
56302573,Farenheit 451,Ray Bradbury,"Bradbury, Ray",,"=""""","=""""",0,3.97,Qanun Nəşriyyatı,Unknown Binding,208,2019,1953,,2024/03/21,,,read,,,,1,0
58783802,When Women Were Dragons,Kelly Barnhill,"Barnhill, Kelly",,"=""0385548222""","=""9780385548229""",0,3.81,Doubleday /Anchor Books Edition,Hardcover,367,2023,2022,,2024/03/21,,,read,,,,1,0
50998056,The Ministry for the Future,Kim Stanley Robinson,"Robinson, Kim Stanley",,"=""0316300136""","=""9780316300131""",5,3.86,Orbit,Hardcover,563,2020,2020,2024/02/04,2023/02/23,,,read,,,,1,0
195161506,You Deserve a Tech Union,Ethan Marcotte,"Marcotte, Ethan",,"=""""","=""""",0,4.47,A Book Apart,Unknown Binding,,2023,,,2024/01/28,currently-reading,currently-reading (#2),currently-reading,,,,1,0
156155983,The Intelligence Illusion: a practical guide to the business risks of Generative AI,Baldur Bjarnason,"Bjarnason, Baldur",,"=""""","=""""",5,4.50,Baldur Bjarnason,ebook,256,2023,,2024/01/14,2024/01/06,,,read,,,,1,0
56143578,Apples Never Fall,Liane Moriarty,"Moriarty, Liane",,"=""1250220254""","=""9781250220257""",5,3.75,Henry Holt and Co.,Hardcover,467,2021,2021,2024/01/06,2023/12/26,,,read,,,,1,0
53459822,World Wide Waste -  How digital is killing our planet—And what we can do about it,Gerry McGovern,"McGovern, Gerry",,"=""1916444636""","=""9781916444638""",0,4.46,Silver Beach Publishing,Kindle Edition,184,2020,,2023/12/26,2023/12/22,,,read,,,,1,0
12067,"Good Omens: The Nice and Accurate Prophecies of Agnes Nutter, Witch",Terry Pratchett,"Pratchett, Terry",Neil Gaiman,"=""""","=""""",0,4.25,William Morrow Paperbacks,Mass Market Paperback,491,2006,1990,2023/12/22,2023/11/24,,,read,,,,1,0
33267485,From the Wreck,Jane Rawson,"Rawson, Jane",,"=""0995359458""","=""9780995359451""",0,3.53,Transit Lounge,Paperback,267,2017,2017,,2023/12/22,,,read,,,,1,0
18505792,The Ocean at the End of the Lane,Neil Gaiman,"Gaiman, Neil",,"=""0062255665""","=""9780062255662""",0,4.01,William Morrow,Paperback,195,2014,2013,,2023/11/24,,,read,,,,1,0
9969571,"Ready Player One (Ready Player One, #1)",Ernest Cline,"Cline, Ernest",,"=""030788743X""","=""9780307887436""",0,4.23,Crown Publishers,Hardcover,480,2011,2011,2023/11/24,2023/10/23,,,read,,,,1,0
138505710,Doppelganger: A Trip into the Mirror World,Naomi Klein,"Klein, Naomi",,"=""0374610320""","=""9780374610326""",5,4.20,"Farrar, Straus and Giroux",Hardcover,416,2023,2023,2023/11/24,2023/10/23,,,read,,,,1,0
50033,Dandelion Wine,Ray Bradbury,"Bradbury, Ray",,"=""0671037706""","=""9780671037703""",4,4.09,Earthlight (UK) ,Paperback,239,2000,1957,2023/10/23,2023/09/17,,,read,,,,1,0
149059,A Fall of Moondust,Arthur C. Clarke,"Clarke, Arthur C.",,"=""""","=""""",0,3.89,Gollancz,Paperback,224,2002,1961,,2023/10/23,,,read,,,,1,0
22544764,Uprooted,Naomi Novik,"Novik, Naomi",,"=""0804179034""","=""9780804179034""",0,4.02,Del Rey,Hardcover,438,2015,2015,2023/09/17,2023/08/10,,,read,,,,1,0
17906372,Ghost Moth,Michèle Forbes,"Forbes, Michèle",,"=""0143189395""","=""9780143189398""",0,3.31,Penguin Canada,Paperback,240,2013,2013,,2023/09/17,,,read,,,,1,0
60012296,Poster Girl,Veronica Roth,"Roth, Veronica",,"=""0358164095""","=""9780358164098""",0,3.65,William Morrow,Hardcover,288,2022,2022,,2023/08/11,to-read,to-read (#20),to-read,,,,0,0
52397,"Parable of the Sower (Earthseed, #1)",Octavia E. Butler,"Butler, Octavia E.",,"=""0446675504""","=""9780446675505""",0,4.19,Grand Central Publishing,Paperback,345,2000,1993,,2021/02/19,,,read,,,,1,0
34311452,"Year One (Chronicles of The One, #1)",Nora Roberts,"Roberts, Nora",,"=""1250122953""","=""9781250122957""",0,4.06,St. Martin's Press,Hardcover,419,2017,2017,,2023/08/10,,,read,,,,1,0
76778,The Martian Chronicles,Ray Bradbury,"Bradbury, Ray",Michael Whelan,"=""0553278223""","=""9780553278224""",0,4.16,Bantam/Spectra,Mass Market Paperback,182,1984,1950,,2023/08/10,,,read,,,,1,0
58065033,Lessons in Chemistry,Bonnie Garmus,"Garmus, Bonnie",,"=""""","=""""",0,4.28,Doubleday Books,Hardcover,390,2022,2022,,2023/08/10,,,read,,,,1,0
51704136,Little Fires Everywhere,Celeste Ng,"Ng, Celeste",,"=""0143135163""","=""9780143135166""",5,4.07,Penguin Books,Paperback,368,2020,2017,2021/04/23,2020/06/14,,,read,,,,1,0
40718380,The Parisian,Isabella Hammad,"Hammad, Isabella",,"=""1473547679""","=""9781473547674""",0,3.63,Vintage Digital,ebook,710,2019,2019,,2023/04/29,currently-reading,currently-reading (#1),currently-reading,,,,1,0
41087290,The Porpoise,Mark Haddon,"Haddon, Mark",,"=""1784742821""","=""9781784742829""",0,3.36,Chatto & Windus,Hardcover,336,2019,2019,2023/04/29,2023/03/28,,,read,,,,1,0
32197111,The Ship,Antonia Honeywell,"Honeywell, Antonia",,"=""0316469858""","=""9780316469852""",0,2.99,Orbit,Hardcover,336,2017,2015,,2023/03/28,,,read,,,,1,0
49954339,Maker's Curse (Millennium's Rule #4),Trudi Canavan,"Canavan, Trudi",,"=""0356510751""","=""9780356510750""",0,4.06,Orbit,Kindle Edition,560,2020,2020,,2023/03/28,,,read,,,,1,0
56089437,Mrs England,Stacey Halls,"Halls, Stacey",,"=""1838772863""","=""9781838772864""",0,3.90,Bonnier Zaffre,Hardcover,424,2021,2021,,2023/03/28,,,read,,,,1,0
45308037,The Foundling,Stacey Halls,"Halls, Stacey",,"=""1488055327""","=""9781488055324""",0,3.98,MIRA,Kindle Edition,288,2020,2020,,2023/03/28,,,read,,,,1,0
59808550,"The House of Fortune (The Miniaturist, #2)",Jessie Burton,"Burton, Jessie",,"=""1635579740""","=""9781635579741""",0,3.84,Bloomsbury Publishing,Hardcover,304,2022,2022,2023/03/28,2023/01/13,,,read,,,,1,0
27362503,"It Ends with Us (It Ends with Us, #1)",Colleen Hoover,"Hoover, Colleen",,"=""1668021048""","=""9781668021040""",0,4.08,Atria Books,Kindle Edition,386,2023,2016,,2023/01/21,to-read,to-read (#19),to-read,,,,0,0
38359036,"The Tattooist of Auschwitz (The Tattooist of Auschwitz, #1)",Heather   Morris,"Morris, Heather",,"=""006287067X""","=""9780062870674""",0,4.32,Harper,Hardcover,272,2018,2018,,2023/01/13,,,read,,,,1,0
51764686,No One Is Too Small to Make a Difference,Greta Thunberg,"Thunberg, Greta",,"=""014313356X""","=""9780143133568""",5,3.85,Penguin Books,Paperback,112,2019,2019,2023/01/13,2021/02/19,,,read,,,,1,0
78433,The Blind Assassin,Margaret Atwood,"Atwood, Margaret",,"=""""","=""""",4,3.96,Virago Press Ltd,Paperback,637,2001,2000,2023/01/13,2022/03/17,,,read,,,,1,0
35672370,"Dark Pines (Tuva Moodyson Mystery, #1)",Will Dean,"Dean, Will",,"=""178607253X""","=""9781786072535""",0,3.69,OneWorld Publications Point Blank,Paperback,328,2018,2018,,2023/01/13,,,read,,,,1,0
11870085,The Fault in Our Stars,John Green,"Green, John",,"=""""","=""""",5,4.12,Dutton Books,Hardcover,313,2012,2012,2023/01/13,2023/01/10,,,read,,,,1,0
59344312,Verity,Colleen Hoover,"Hoover, Colleen",,"=""153872474X""","=""9781538724743""",0,4.30,Grand Central Publishing,ebook,336,2021,2018,2023/01/10,2023/01/03,,,read,,,,1,0
40117,The Unconsoled,Kazuo Ishiguro,"Ishiguro, Kazuo",,"=""057122539X""","=""9780571225392""",0,3.59,Faber and Faber,Paperback,535,1995,1995,,2023/01/03,,,read,,,,1,0
50659467,"A Court of Thorns and Roses (A Court of Thorns and Roses, #1)",Sarah J. Maas,"Maas, Sarah J.",,"=""1635575567""","=""9781635575569""",0,4.16,Bloomsbury Publishing,Paperback,419,2020,2015,,2023/01/03,,,read,,,,1,0
31129501,"Successor's Promise (Millennium's Rule, #3)",Trudi Canavan,"Canavan, Trudi",,"=""0356501175""","=""9780356501178""",0,4.07,Orbit Books,Paperback,512,2017,2017,,2023/01/03,,,read,,,,1,0
56294820,"Oh William! (Amgash, #3)",Elizabeth Strout,"Strout, Elizabeth",,"=""0812989430""","=""9780812989434""",0,3.86,Random House,Hardcover,240,2021,2021,,2022/06/22,to-read,to-read (#18),to-read,,,,0,0
25110661,"The Actual One: How I Tried, and Failed, to Avoid Adulthood Forever",Isy Suttie,"Suttie, Isy",,"=""1409151670""","=""9781409151678""",0,3.43,Orion Publishing,Hardcover,288,2016,2016,,2022/06/22,to-read,to-read (#17),to-read,,,,0,0
57313311,The Audacity,Katherine Ryan,"Ryan, Katherine",,"=""""","=""""",0,4.13,,Kindle Edition,294,2021,,,2022/06/22,,,read,,,,1,0
69136,"The Book of Lost Things (The Book of Lost Things, #1)",John Connolly,"Connolly, John",,"=""0743298853""","=""9780743298858""",0,3.96,Atria Books,Hardcover,339,2006,2006,,2022/06/22,to-read,to-read (#16),to-read,,,,0,0
55711675,The Startup Wife,Tahmima Anam,"Anam, Tahmima",,"=""198215618X""","=""9781982156183""",5,3.55,Scribner,Hardcover,304,2021,2021,,2022/03/17,,,read,,,,1,0
48616787,The Lying Life of Adults,Elena Ferrante,"Ferrante, Elena",Ann Goldstein,"=""1609455916""","=""9781609455910""",0,3.67,Europa Editions,Hardcover,336,2020,2019,,2022/03/17,,,read,,,,1,0
42975172,"The Testaments (The Handmaid's Tale, #2)",Margaret Atwood,"Atwood, Margaret",,"=""""","=""""",5,4.20,Nan A. Talese,Hardcover,422,2019,2019,,2022/02/02,,,read,,,,1,0
52578297,"The Midnight Library (The Midnight World, #1)",Matt Haig,"Haig, Matt",,"=""0525559477""","=""9780525559474""",5,3.98,Viking,Hardcover,288,2020,2020,2022/02/02,2021/01/10,,,read,,,,1,0
53733106,No One Is Talking About This,Patricia Lockwood,"Lockwood, Patricia",,"=""0593189582""","=""9780593189580""",0,3.55,Riverhead Books,Hardcover,210,2021,2021,,2022/01/09,to-read,to-read (#15),to-read,,,,0,0
25733573,Reasons to Stay Alive,Matt Haig,"Haig, Matt",,"=""0143128728""","=""9780143128724""",0,4.06,Penguin Life,Paperback,256,2016,2015,,2021/09/19,,,read,,,,1,0
28921,The Remains of the Day,Kazuo Ishiguro,"Ishiguro, Kazuo",,"=""""","=""""",5,4.14,Faber & Faber,Paperback,258,2005,1989,,2022/01/03,,,read,,,,1,0
32187419,Conversations with Friends,Sally Rooney,"Rooney, Sally",,"=""0451499077""","=""9780451499073""",5,3.73,Hogarth,Kindle Edition,304,2017,2017,2021/12/24,2021/09/19,,,read,,,,1,0
46159063,The Betrayals,Bridget Collins,"Collins, Bridget",,"=""006283813X""","=""9780062838131""",5,3.47,William Morrow,Kindle Edition,419,2021,2020,,2021/02/07,,,read,,,,1,0
40275288,"The Priory of the Orange Tree (The Roots of Chaos, #1)",Samantha Shannon,"Shannon, Samantha",,"=""1408883457""","=""9781408883457""",4,4.17,Bloomsbury Publishing,ebook,848,2019,2019,2021/04/23,2021/02/07,,,read,,,,1,0
1466455,Three Wishes,Liane Moriarty,"Moriarty, Liane",,"=""""","=""""",4,3.78,Harper Paperbacks,Paperback,384,2005,2003,,2021/12/24,,,read,,,,1,0
25242224,"The Story of the Lost Child (Neapolitan Novels, #4)",Elena Ferrante,"Ferrante, Elena",Ann Goldstein,"=""1609452860""","=""9781609452865""",0,4.46,Europa Editions,Paperback,473,2015,2014,,2021/10/26,to-read,to-read (#14),to-read,,,,0,0
31850717,The Book You Wish Your Parents Had Read (And Your Children Will Be Glad That You Did),Philippa Perry,"Perry, Philippa",,"=""0241250994""","=""9780241250990""",0,4.10,Penguin UK,Hardcover,252,2019,2019,,2021/10/26,to-read,to-read (#13),to-read,,,,0,0
31451186,"Borne (Borne, #1)",Jeff Vandermeer,"Vandermeer, Jeff",,"=""0374115249""","=""9780374115241""",5,3.93,"MCD / Farrar, Straus and Giroux ",Hardcover,323,2017,2017,2021/10/26,2021/07/29,,,read,,,,1,0
17465515,"The Story of a New Name (Neapolitan Novels, #2)",Elena Ferrante,"Ferrante, Elena",Ann Goldstein,"=""""","=""""",5,4.46,Europa Editions,Paperback,471,2013,2012,2021/10/26,2021/09/19,,,read,,,,1,0
23156040,"Those Who Leave and Those Who Stay (Neapolitan Novels, #3)",Elena Ferrante,"Ferrante, Elena",Ann Goldstein,"=""""","=""""",5,4.36,Europa Editions,Paperback,418,2014,2013,,2021/10/26,,,read,,,,1,0
56597885,"Beautiful World, Where Are You",Sally Rooney,"Rooney, Sally",,"=""0374602603""","=""9780374602604""",0,3.53,"Farrar, Straus and Giroux",Hardcover,356,2021,2021,,2021/09/19,to-read,to-read (#12),to-read,,,,0,0
32827398,Spoonbenders,Daryl Gregory,"Gregory, Daryl",,"=""1524734829""","=""9781524734824""",0,3.91,Books on Tape,Audio CD,,2017,2017,,2021/09/19,to-read,to-read (#11),to-read,,,,0,0
12427659,Unpossible and Other Stories,Daryl Gregory,"Gregory, Daryl",Nancy Kress,"=""1933846305""","=""9781933846309""",0,3.97,Fairwood Press,Paperback,273,2011,2011,,2021/09/19,to-read,to-read (#10),to-read,,,,0,0
15839976,"Red Rising (Red Rising Saga, #1)",Pierce Brown,"Brown, Pierce",,"=""0345539788""","=""9780345539786""",0,4.27,Del Rey,Hardcover,382,2014,2014,2021/07/29,2021/06/17,,,read,,,,1,0
8855321,"Leviathan Wakes (The Expanse, #1)",James S.A. Corey,"Corey, James S.A.",,"=""1841499889""","=""9781841499888""",3,4.31,Orbit,Paperback,561,2011,2011,,2021/04/26,,,read,,,,1,0
17235026,"The Girl with All the Gifts (The Girl With All the Gifts, #1)",M.R. Carey,"Carey, M.R.",,"=""0356500152""","=""9780356500157""",5,3.95,Orbit ,Paperback,461,2014,2014,,2021/06/17,,,read,,,,1,0
35036409,"My Brilliant Friend (Neapolitan Novels, #1)",Elena Ferrante,"Ferrante, Elena",Ann Goldstein,"=""""","=""""",5,4.05,Penguin Random House ,Paperback,331,2012,2011,,2021/06/17,,,read,,,,1,0
43923951,Such a Fun Age,Kiley Reid,"Reid, Kiley",,"=""052554190X""","=""9780525541905""",0,3.77,G.P. Putnam's Sons,Hardcover,310,2019,2019,,2021/04/24,to-read,to-read (#9),to-read,,,,0,0
32051912,The Alice Network,Kate Quinn,"Quinn, Kate",,"=""0062654195""","=""9780062654199""",0,4.32,William Morrow Paperbacks,Paperback,503,2017,2017,,2021/04/24,to-read,to-read (#8),to-read,,,,0,0
52476830,The Push,Ashley Audrain,"Audrain, Ashley",,"=""1984881663""","=""9781984881663""",0,4.04,Pamela Dorman Books,Hardcover,307,2021,2021,,2021/04/24,to-read,to-read (#7),to-read,,,,0,0
53137893,The Wife Upstairs,Rachel Hawkins,"Hawkins, Rachel",,"=""1250245494""","=""9781250245496""",0,3.72,St. Martin's Press,Hardcover,290,2021,2021,,2021/04/24,to-read,to-read (#6),to-read,,,,0,0
39074550,Humble Pi: A Comedy of Maths Errors,Matt    Parker,"Parker, Matt",,"=""0241360196""","=""9780241360194""",5,4.10,Allen Lane,Paperback,314,2019,2019,2021/04/23,2021/01/13,,,read,,,,1,0
46000520,"The Thursday Murder Club (Thursday Murder Club, #1)",Richard Osman,"Osman, Richard",,"=""""","=""""",5,3.86,Penguin Books,Kindle Edition,382,2020,2020,,2021/01/10,,,read,,,,1,0
52767659,The End of Everything (Astrophysically Speaking),Katie  Mack,"Mack, Katie",,"=""198210354X""","=""9781982103545""",5,4.26,Scribner,Hardcover,226,2020,2020,2021/01/13,2020/11/25,,,read,,,,1,0
16130537,The Humans,Matt Haig,"Haig, Matt",,"=""1476727910""","=""9781476727912""",5,4.07,Simon & Schuster,Hardcover,285,2013,2013,,2021/01/10,,,read,,,,1,0
28815371,The Mothers,Brit Bennett,"Bennett, Brit",,"=""0399184511""","=""9780399184512""",0,3.88,Riverhead Books,Hardcover,288,2016,2016,,2021/01/10,to-read,to-read (#5),to-read,,,,0,0
37539457,Normal People,Sally Rooney,"Rooney, Sally",,"=""0571334644""","=""9780571334643""",5,3.81,Faber & Faber,Hardcover,266,2018,2018,2020/11/25,2020/05/16,,,read,,,,1,0
32075861,The Essex Serpent,Sarah Perry,"Perry, Sarah",,"=""0062666371""","=""9780062666376""",4,3.52,Mariner Books,Hardcover,422,2017,2016,,2020/11/17,,,read,,,,1,0
31434883,Eleanor Oliphant Is Completely Fine,Gail Honeyman,"Honeyman, Gail",,"=""0735220689""","=""9780735220683""",0,4.23,Pamela Dorman Books / Viking,Hardcover,336,2017,2017,,2020/11/17,,,read,,,,1,0
17802724,The Husband's Secret,Liane Moriarty,"Moriarty, Liane",,"=""0399159347""","=""9780399159343""",0,3.95,Berkley,Hardcover,396,2013,2013,,2020/11/17,,,read,,,,1,0
33516773,Big Little Lies,Liane Moriarty,"Moriarty, Liane",,"=""0399587195""","=""9780399587191""",5,4.31,Berkley,Paperback,460,2017,2014,,2020/11/17,,,read,,,,1,0
50253429,Rodham,Curtis Sittenfeld,"Sittenfeld, Curtis",,"=""0399590919""","=""9780399590917""",5,3.83,Random House,Hardcover,420,2020,2020,,2020/08/08,,,read,,,,1,0
30075662,"Aurora Rising (The Aurora Cycle, #1)",Amie Kaufman,"Kaufman, Amie",Jay Kristoff,"=""1524720968""","=""9781524720964""",4,4.09,Knopf Books for Young Readers,Hardcover,473,2019,2019,2020/10/07,2020/09/19,,,read,,,,1,0
9361589,The Night Circus,Erin Morgenstern,"Morgenstern, Erin",,"=""""","=""9780385534635""",0,4.00,Doubleday,Hardcover,506,2011,2011,,2020/10/07,,,read,,,,1,0
49397893,"More Than a Woman: A Brutally Honest and Hilarious Feminist Memoir on Parenting, Marriage, and Middle-Age",Caitlin Moran,"Moran, Caitlin",,"=""0062893718""","=""9780062893710""",0,4.14,Harper Perennial,Paperback,252,2020,2020,,2020/10/07,to-read,to-read (#4),to-read,,,,0,0
38447,"The Handmaid’s Tale (The Handmaid's Tale, #1)",Margaret Atwood,"Atwood, Margaret",,"=""038549081X""","=""9780385490818""",0,4.15,Anchor Books,Paperback,311,1998,1985,,2020/10/07,,,read,,,,1,0
40735968,Sex Power Money,Sara  Pascoe,"Pascoe, Sara",,"=""0571336019""","=""9780571336012""",5,4.04,Faber & Faber,Kindle Edition,335,2019,2019,,2020/06/14,,,read,,,,1,0
37969723,"The Silence of the Girls (Women of Troy, #1)",Pat Barker,"Barker, Pat",,"=""""","=""""",5,3.89,Doubleday Books,Hardcover,325,2018,2018,,2020/09/19,,,read,,,,1,0
46002342,"Me and White Supremacy: Combat Racism, Change the World, and Become a Good Ancestor",Layla F. Saad,"Saad, Layla F.",Robin DiAngelo,"=""1728209803""","=""9781728209807""",0,4.33,Sourcebooks,Hardcover,238,2020,2020,2020/08/11,2020/06/14,,,read,,,,1,0
41081373,"Girl, Woman, Other",Bernardine Evaristo,"Evaristo, Bernardine",,"=""0241364906""","=""9780241364901""",5,4.26,Hamish Hamilton,Kindle Edition,453,2019,2019,2020/08/08,2020/06/28,,,read,,,,1,0
25667918,"Binti (Binti, #1)",Nnedi Okorafor,"Okorafor, Nnedi",N.K. Jemisin,"=""0765384469""","=""9780765384461""",0,3.84,Tor.com,ebook,96,2015,2015,,2020/08/08,to-read,to-read (#3),to-read,,,,0,0
49960031,"Wow, No Thank You.: Essays",Samantha Irby,"Irby, Samantha",,"=""0525563482""","=""9780525563488""",0,3.81,Vintage,Paperback,319,2020,2020,,2020/06/28,to-read,to-read (#2),to-read,,,,0,0
18693763,Everything I Never Told You,Celeste Ng,"Ng, Celeste",,"=""159420571X""","=""9781594205712""",5,3.83,Penguin Press,Hardcover,297,2014,2014,2020/06/28,2020/06/14,,,read,,,,1,0
29623290,Animal: The Autobiography of a Female Body,Sara  Pascoe,"Pascoe, Sara",,"=""057132522X""","=""9780571325221""",5,4.14,Faber & Faber,Paperback,328,2016,2016,,2020/06/14,,,read,,,,1,0
40180098,The Overstory,Richard Powers,"Powers, Richard",,"=""039335668X""","=""9780393356687""",5,4.11,W.W. Norton & Company,Paperback,502,2019,2018,2020/06/14,2020/04/12,,,read,,,,1,0
18619684,The Time Traveler's Wife,Audrey Niffenegger,"Niffenegger, Audrey",,"=""1939126010""","=""9781939126016""",4,4.00,Zola Books,ebook,537,2013,2003,,2020/05/16,,,read,,,,1,0
234225,Dune (Dune #1),Frank Herbert,"Herbert, Frank",,"=""0340839937""","=""9780340839935""",0,4.29,Hodder,Paperback,604,2006,1965,,2020/05/03,,,read,,,,1,0
21840310,The Girl on the Train,Paula Hawkins,"Hawkins, Paula",,"=""0857522310""","=""9780857522313""",5,3.96,Doubleday,Hardcover,316,2015,2015,,2020/04/16,,,read,,,,1,0
26883528,Hot Milk,Deborah Levy,"Levy, Deborah",,"=""1620406691""","=""9781620406694""",0,3.48,Bloomsbury USA,Hardcover,218,2016,2016,,2020/04/16,to-read,to-read (#1),to-read,,,,0,0
43107933,"Big Sky (Jackson Brodie, #5)",Kate Atkinson,"Atkinson, Kate",,"=""""","=""""",4,3.92,Transworld Digital,Kindle Edition,352,2019,2019,,2020/04/11,,,read,,,,1,0
4667024,The Help,Kathryn Stockett,"Stockett, Kathryn",,"=""0399155341""","=""9780399155345""",5,4.47,G.P. Putnam's Sons,Hardcover,451,2009,2009,,2020/04/11,,,read,,,,1,0
39964740,The Binding,Bridget Collins,"Collins, Bridget",,"=""0008272115""","=""9780008272111""",5,3.85,The Borough Press,Hardcover,437,2019,2019,2020/04/12,2020/04/11,,,read,,,,1,0
39835415,The Familiars,Stacey Halls,"Halls, Stacey",,"=""""","=""""",5,3.87,Mira Books,Hardcover,420,2019,2019,,2020/04/10,,,read,,,,1,0
18498569,"The Miniaturist (The Miniaturist, #1)",Jessie Burton,"Burton, Jessie",,"=""0062306812""","=""9780062306814""",5,3.62,Ecco Press,Hardcover,416,2014,2014,,2020/04/10,,,read,,,,1,0
119322,"The Golden Compass (His Dark Materials, #1)",Philip Pullman,"Pullman, Philip",,"=""0679879242""","=""9780679879244""",5,4.03,RANDOM HOUSE TRADE,Hardcover,399,1996,1995,,2020/04/10,,,read,,,,1,0
186074,"The Name of the Wind (The Kingkiller Chronicle, #1)",Patrick Rothfuss,"Rothfuss, Patrick",,"=""075640407X""","=""9780756404079""",5,4.52,Penguin Group DAW,Hardcover,662,2007,2007,,2020/04/10,,,read,,,,1,0
4671,The Great Gatsby,F. Scott Fitzgerald,"Fitzgerald, F. Scott",,"=""0743273567""","=""9780743273565""",5,3.93,Scribner,Paperback,180,1925,1925,,2020/04/10,,,read,,,,1,0
40961427,1984,George Orwell,"Orwell, George",,"=""""","=""""",5,4.20,Houghton Mifflin Harcourt,ebook,298,2013,1949,,2020/04/10,,,read,,,,1,0
19063,The Book Thief,Markus Zusak,"Zusak, Markus",,"=""""","=""""",5,4.39,Alfred A. Knopf,Kindle Edition,592,2006,2005,,2020/04/10,,,read,,,,1,0
